Date,Time,underlyingValue,Strike_Price,COI_Calls,COI_Puts,LTP_Calls,LTP_Puts,CLTP_Calls,CLTP_Puts,TotalBuyQuantity_Calls,TotalSellQuantity_Calls,TotalBuyQuantity_Puts,TotalSellQuantity_Puts,OpenInterest_Calls,Expiry_Date,C_Calls,C_Puts,C_CLTP_Calls,C_CLTP_Puts,C_Amt_Calls_Cr,C_Amt_Puts_Cr,Long_Short_Calls,Long_Short_Puts,S_C_Calls,S_C_Puts,S_COI_Calls,S_COI_Puts,R_S_COI
09-Aug-2024,15:15:25,50478.25,49500,1808,51527,1015.0,86.15,177.95000000000005,-154.4,137310,20340,92355,170265,9677,2024-08-14,69,0,-14.900000000000091,1.5,0.9108,0.0,Short Buildup ↓,,9,-57,338595,417022,1.2316248024926535
09-Aug-2024,15:15:25,50478.25,49600,1263,16900,936.0,101.5,174.20000000000005,-167.85000000000002,138240,7545,33135,59820,3704,2024-08-14,0,0,-16.399999999999977,2.25,0.0,0.0,,,9,-57,338595,417022,1.2316248024926535
09-Aug-2024,15:15:25,50478.25,49700,998,18098,850.0,118.6,149.04999999999995,-181.4,136260,10260,84165,86280,4183,2024-08-14,-28,0,-10.200000000000045,2.049999999999983,-0.3696,0.0,Long Unwinding ↓,,9,-57,338595,417022,1.2316248024926535
09-Aug-2024,15:15:25,50478.25,49800,0,14724,770.0,139.65,138.79999999999995,-194.6,137265,21285,90270,72495,8166,2024-08-14,0,0,-11.799999999999955,2.950000000000017,0.0,0.0,,,9,-57,338595,417022,1.2316248024926535
09-Aug-2024,15:15:25,50478.25,49900,-264,7522,696.3,163.6,126.75,-208.95000000000002,130620,14475,78210,74865,12257,2024-08-14,-32,0,-9.900000000000091,3.5,-0.4224,0.0,Long Unwinding ↓,,9,-57,338595,417022,1.2316248024926535
09-Aug-2024,15:15:25,50478.25,50000,-14593,34342,620.5,191.4,110.44999999999999,-222.99999999999997,186900,83700,132765,209610,66532,2024-08-14,0,0,-13.25,4.5,0.0,0.0,,,9,-57,338595,417022,1.2316248024926535
09-Aug-2024,15:15:25,50478.25,50100,-11498,14481,552.75,222.85,97.25,-237.29999999999998,114075,44580,125850,73065,26604,2024-08-14,0,0,-11.649999999999977,4.650000000000006,0.0,0.0,,,9,-57,338595,417022,1.2316248024926535
09-Aug-2024,15:15:25,50478.25,50200,-22036,14116,487.35,258.4,82.40000000000003,-245.8,159525,78885,73890,126555,28947,2024-08-14,0,0,-10.949999999999989,5.599999999999966,0.0,0.0,,,9,-57,338595,417022,1.2316248024926535
09-Aug-2024,15:15:25,50478.25,50300,-5569,28313,427.25,298.0,69.94999999999999,-259.54999999999995,153180,81510,78720,88830,34126,2024-08-14,0,0,-9.800000000000011,6.850000000000023,0.0,0.0,,,9,-57,338595,417022,1.2316248024926535
09-Aug-2024,15:15:25,50478.25,50400,16310,45183,371.55,342.5,57.85000000000002,-270.95000000000005,269175,172275,102090,128280,51247,2024-08-14,0,0,-7.899999999999977,7.5,0.0,0.0,,,9,-57,338595,417022,1.2316248024926535
09-Aug-2024,15:15:25,50478.25,50500,59448,79004,320.55,389.8,48.44999999999999,-284.59999999999997,625875,532140,160710,173850,154098,2024-08-14,0,0,-6.949999999999989,7.850000000000023,0.0,0.0,,,9,-57,338595,417022,1.2316248024926535
09-Aug-2024,15:15:25,50478.25,50600,65791,40068,273.9,444.0,37.24999999999997,-292.70000000000005,166890,393315,94155,75015,93209,2024-08-14,0,0,-6.5,10.0,0.0,0.0,,,9,-57,338595,417022,1.2316248024926535
09-Aug-2024,15:15:25,50478.25,50700,44606,16546,232.7,501.1,29.19999999999999,-301.4,143475,260940,99855,40395,69376,2024-08-14,0,0,-5.100000000000023,10.0,0.0,0.0,,,9,-57,338595,417022,1.2316248024926535
09-Aug-2024,15:15:25,50478.25,50800,38559,9622,194.85,565.9,20.25,-315.35,139605,216300,58380,26925,63235,2024-08-14,0,0,-4.900000000000006,12.899999999999977,0.0,0.0,,,9,-57,338595,417022,1.2316248024926535
09-Aug-2024,15:15:25,50478.25,50900,20239,4541,161.85,630.75,13.199999999999989,-328.4,133995,105120,57495,19800,40847,2024-08-14,0,0,-4.150000000000006,11.149999999999977,0.0,0.0,,,9,-57,338595,417022,1.2316248024926535
09-Aug-2024,15:15:25,50478.25,51000,27944,5824,133.4,702.0,7.8500000000000085,-327.5,218775,447510,73755,25455,137460,2024-08-14,0,0,-3.5999999999999943,11.850000000000023,0.0,0.0,,,9,-57,338595,417022,1.2316248024926535
09-Aug-2024,15:15:25,50478.25,51100,19927,3188,108.6,776.1,2.3999999999999915,-327.85,43860,89730,46545,9015,45533,2024-08-14,0,-2,-2.9000000000000057,11.399999999999977,0.0,-0.0264,,Short Covering ↑,9,-57,338595,417022,1.2316248024926535
09-Aug-2024,15:15:25,50478.25,51200,25524,4044,88.0,855.0,-1.2999999999999972,-335.45000000000005,63195,122580,44985,9690,62362,2024-08-14,0,-55,-2.8499999999999943,15.0,0.0,-0.726,,Short Covering ↑,9,-57,338595,417022,1.2316248024926535
09-Aug-2024,15:15:25,50478.25,51300,32520,5432,71.45,941.0,-3.1499999999999915,-335.0999999999999,48480,70695,45285,9150,70035,2024-08-14,0,0,-2.049999999999997,12.75,0.0,0.0,,,9,-57,338595,417022,1.2316248024926535
09-Aug-2024,15:15:25,50478.25,51400,13854,841,58.0,1025.2,-5.100000000000001,-344.04999999999995,43395,81900,43515,8475,33006,2024-08-14,0,0,-1.5,19.350000000000023,0.0,0.0,,,9,-57,338595,417022,1.2316248024926535
09-Aug-2024,15:15:25,50478.25,51500,16709,2452,46.9,1110.0,-6.100000000000001,-351.54999999999995,87405,261915,41835,9045,99634,2024-08-14,0,0,-1.25,14.349999999999909,0.0,0.0,,,9,-57,338595,417022,1.2316248024926535
09-Aug-2024,15:15:25,50478.25,51600,4380,218,38.25,1187.35,-6.75,-370.25,103845,75645,39930,6315,26547,2024-08-14,0,0,-1.0499999999999972,12.349999999999909,0.0,0.0,,,9,-57,338595,417022,1.2316248024926535
09-Aug-2024,15:15:25,50478.25,51700,-2695,34,31.15,1290.0,-7.0,-363.6500000000001,107475,60510,37830,6660,28502,2024-08-14,0,0,-0.8999999999999986,0.0,0.0,0.0,,,9,-57,338595,417022,1.2316248024926535
09-Aug-2024,15:15:25,50478.25,51800,5370,2,25.8,1380.35,-6.599999999999998,-366.10000000000014,105165,63585,37935,6480,31040,2024-08-14,0,0,-0.6499999999999986,0.0,0.0,0.0,,,9,-57,338595,417022,1.2316248024926535
09-Aug-2024,15:18:25,50458.3,49500,1844,49270,1025.15,84.1,188.10000000000014,-156.45000000000002,137175,19170,88755,164775,9713,2024-08-14,36,-2257,10.150000000000091,-2.0500000000000114,0.4752,-29.7924,Long Buildup ↑,Long Unwinding ↓,-24149,-32353,314446,384669,1.2233229234908378
09-Aug-2024,15:18:25,50458.3,49600,1264,14241,942.0,98.6,180.20000000000005,-170.75000000000003,138465,7845,35085,62235,3705,2024-08-14,1,-2659,6.0,-2.9000000000000057,0.0132,-35.0988,Long Buildup ↑,Long Unwinding ↓,-24149,-32353,314446,384669,1.2233229234908378
09-Aug-2024,15:18:25,50458.3,49700,1005,17055,857.0,115.2,156.04999999999995,-184.8,137460,10560,73440,91680,4190,2024-08-14,7,-1043,7.0,-3.4000000000000057,0.0924,-13.7676,Long Buildup ↑,Long Unwinding ↓,-24149,-32353,314446,384669,1.2233229234908378
09-Aug-2024,15:18:25,50458.3,49800,25,14374,779.1,135.85,147.89999999999998,-198.4,137850,20115,77955,75945,8191,2024-08-14,25,-350,9.100000000000023,-3.8000000000000114,0.33,-4.62,Long Buildup ↑,Long Unwinding ↓,-24149,-32353,314446,384669,1.2233229234908378
09-Aug-2024,15:18:25,50458.3,49900,-483,6550,704.6,159.55,135.05000000000007,-213.0,133920,14820,80100,83940,12038,2024-08-14,-219,-972,8.300000000000068,-4.049999999999983,-2.8908,-12.8304,Short Covering ↑,Long Unwinding ↓,-24149,-32353,314446,384669,1.2233229234908378
09-Aug-2024,15:18:25,50458.3,50000,-15356,31697,631.4,186.1,121.34999999999997,-228.29999999999998,190605,79605,158010,233745,65769,2024-08-14,-763,-2645,10.899999999999977,-5.300000000000011,-10.0716,-34.914,Short Covering ↑,Long Unwinding ↓,-24149,-32353,314446,384669,1.2233229234908378
09-Aug-2024,15:18:25,50458.3,50100,-12271,12688,562.35,217.0,106.85000000000002,-243.14999999999998,114780,43605,122325,79455,25831,2024-08-14,-773,-1793,9.600000000000023,-5.849999999999994,-10.2036,-23.6676,Short Covering ↑,Long Unwinding ↓,-24149,-32353,314446,384669,1.2233229234908378
09-Aug-2024,15:18:25,50458.3,50200,-23094,10343,497.0,251.8,92.05000000000001,-252.39999999999998,159255,76455,85290,124530,27889,2024-08-14,-1058,-3773,9.649999999999977,-6.599999999999966,-13.9656,-49.8036,Short Covering ↑,Long Unwinding ↓,-24149,-32353,314446,384669,1.2233229234908378
09-Aug-2024,15:18:25,50458.3,50300,-6160,24629,435.5,290.3,78.19999999999999,-267.24999999999994,155010,83025,68250,89025,33535,2024-08-14,-591,-3684,8.25,-7.699999999999989,-7.8012,-48.6288,Short Covering ↑,Long Unwinding ↓,-24149,-32353,314446,384669,1.2233229234908378
09-Aug-2024,15:18:25,50458.3,50400,13834,42700,379.85,334.05,66.15000000000003,-279.40000000000003,268755,166590,103290,136110,48771,2024-08-14,-2476,-2483,8.300000000000011,-8.449999999999989,-32.6832,-32.7756,Short Covering ↑,Long Unwinding ↓,-24149,-32353,314446,384669,1.2233229234908378
09-Aug-2024,15:18:25,50458.3,50500,55225,75330,327.3,382.05,55.19999999999999,-292.34999999999997,826110,512850,139305,182610,149875,2024-08-14,-4223,-3674,6.75,-7.75,-55.7436,-48.4968,Short Covering ↑,Long Unwinding ↓,-24149,-32353,314446,384669,1.2233229234908378
09-Aug-2024,15:18:25,50458.3,50600,62736,36888,280.75,435.0,44.099999999999994,-301.70000000000005,164250,363960,90270,78225,90154,2024-08-14,-3055,-3180,6.850000000000023,-9.0,-40.326,-41.976,Short Covering ↑,Long Unwinding ↓,-24149,-32353,314446,384669,1.2233229234908378
09-Aug-2024,15:18:25,50458.3,50700,42877,15044,238.7,493.6,35.19999999999999,-308.9,186930,253215,98400,46170,67647,2024-08-14,-1729,-1502,6.0,-7.5,-22.8228,-19.8264,Short Covering ↑,Long Unwinding ↓,-24149,-32353,314446,384669,1.2233229234908378
09-Aug-2024,15:18:25,50458.3,50800,36610,8754,200.5,555.1,25.900000000000006,-326.15,158355,210885,58530,27900,61286,2024-08-14,-1949,-868,5.650000000000006,-10.799999999999955,-25.7268,-11.4576,Short Covering ↑,Long Unwinding ↓,-24149,-32353,314446,384669,1.2233229234908378
09-Aug-2024,15:18:25,50458.3,50900,19678,4171,166.85,621.85,18.19999999999999,-337.29999999999995,164310,102495,55440,29835,40286,2024-08-14,-561,-370,5.0,-8.899999999999977,-7.4052,-4.884,Short Covering ↑,Long Unwinding ↓,-24149,-32353,314446,384669,1.2233229234908378
09-Aug-2024,15:18:25,50458.3,51000,26825,4965,137.25,690.5,11.700000000000003,-339.0,217470,435540,72525,28230,136341,2024-08-14,-1119,-859,3.8499999999999943,-11.5,-14.7708,-11.3388,Short Covering ↑,Long Unwinding ↓,-24149,-32353,314446,384669,1.2233229234908378
09-Aug-2024,15:18:25,50458.3,51100,19274,3083,111.75,769.8,5.549999999999997,-334.1500000000001,45705,88170,46305,9525,44880,2024-08-14,-653,-105,3.1500000000000057,-6.300000000000068,-8.6196,-1.386,Short Covering ↑,Long Unwinding ↓,-24149,-32353,314446,384669,1.2233229234908378
09-Aug-2024,15:18:25,50458.3,51200,24245,3921,90.95,843.1,1.6500000000000057,-347.35,70725,112515,44505,9330,61083,2024-08-14,-1279,-123,2.950000000000003,-11.899999999999977,-16.8828,-1.6236,Short Covering ↑,Long Unwinding ↓,-24149,-32353,314446,384669,1.2233229234908378
09-Aug-2024,15:18:25,50458.3,51300,30248,5423,73.6,936.75,-1.0,-339.3499999999999,44520,71370,45225,26115,67763,2024-08-14,-2272,-9,2.1499999999999915,-4.25,-29.9904,-0.1188,Short Covering ↑,Long Unwinding ↓,-24149,-32353,314446,384669,1.2233229234908378
09-Aug-2024,15:18:25,50458.3,51400,13224,832,59.65,1016.1,-3.450000000000003,-353.15,41355,72135,44460,9060,32376,2024-08-14,-630,-9,1.6499999999999986,-9.100000000000023,-8.316,-0.1188,Short Covering ↑,Long Unwinding ↓,-24149,-32353,314446,384669,1.2233229234908378
09-Aug-2024,15:18:25,50458.3,51500,16943,2464,48.1,1098.5,-4.899999999999999,-363.04999999999995,99765,247980,42150,10200,99868,2024-08-14,234,12,1.2000000000000028,-11.5,3.0888,0.1584,Long Buildup ↑,Short Buildup ↓,-24149,-32353,314446,384669,1.2233229234908378
09-Aug-2024,15:18:25,50458.3,51600,4425,214,39.3,1205.4,-5.700000000000003,-352.1999999999998,99195,67950,39795,6900,26592,2024-08-14,45,-4,1.0499999999999972,18.050000000000182,0.594,-0.0528,Long Buildup ↑,Short Covering ↑,-24149,-32353,314446,384669,1.2233229234908378
09-Aug-2024,15:18:25,50458.3,51700,-3213,31,31.95,1289.05,-6.199999999999999,-364.60000000000014,109905,72030,37545,6930,27984,2024-08-14,-518,-3,0.8000000000000007,-0.9500000000000455,-6.8376,-0.0396,Short Covering ↑,Long Unwinding ↓,-24149,-32353,314446,384669,1.2233229234908378
09-Aug-2024,15:18:25,50458.3,51800,4741,2,26.3,1380.35,-6.099999999999998,-366.10000000000014,108105,57510,36660,6150,30411,2024-08-14,-629,0,0.5,0.0,-8.3028,0.0,Short Covering ↑,,-24149,-32353,314446,384669,1.2233229234908378
09-Aug-2024,15:19:25,50466.9,49500,1935,48243,1031.6,83.35,194.54999999999995,-157.20000000000002,137265,19260,89265,161505,9804,2024-08-14,91,-1027,6.449999999999818,-0.75,1.2012,-13.5564,Long Buildup ↑,Long Unwinding ↓,-22349,-20402,292097,364267,1.2470754578102479
09-Aug-2024,15:19:25,50466.9,49600,1344,14066,947.95,97.8,186.1500000000001,-171.55,136545,8280,41985,59580,3785,2024-08-14,80,-175,5.9500000000000455,-0.799999999999983,1.056,-2.31,Long Buildup ↑,Long Unwinding ↓,-22349,-20402,292097,364267,1.2470754578102479
09-Aug-2024,15:19:25,50466.9,49700,1005,16704,867.8,114.3,166.8499999999999,-185.7,137100,10440,72630,85530,4190,2024-08-14,0,-351,10.799999999999955,-0.8999999999999773,0.0,-4.6332,,Long Unwinding ↓,-22349,-20402,292097,364267,1.2470754578102479
09-Aug-2024,15:19:25,50466.9,49800,-20,14467,783.25,134.4,152.04999999999995,-199.85,137895,19050,83295,76245,8146,2024-08-14,-45,93,4.149999999999977,-1.4499999999999886,-0.594,1.2276,Short Covering ↑,Short Buildup ↓,-22349,-20402,292097,364267,1.2470754578102479
09-Aug-2024,15:19:25,50466.9,49900,-563,6209,709.0,157.95,139.45000000000005,-214.60000000000002,132060,14805,74205,86430,11958,2024-08-14,-80,-341,4.399999999999977,-1.6000000000000227,-1.056,-4.5012,Short Covering ↑,Long Unwinding ↓,-22349,-20402,292097,364267,1.2470754578102479
09-Aug-2024,15:19:25,50466.9,50000,-16456,27950,635.25,184.15,125.19999999999999,-230.24999999999997,189000,70005,130515,233790,64669,2024-08-14,-1100,-3747,3.8500000000000227,-1.9499999999999886,-14.52,-49.4604,Short Covering ↑,Long Unwinding ↓,-22349,-20402,292097,364267,1.2470754578102479
09-Aug-2024,15:19:25,50466.9,50100,-12570,11652,564.9,214.95,109.39999999999998,-245.2,122130,34905,120720,77190,25532,2024-08-14,-299,-1036,2.5499999999999545,-2.0500000000000114,-3.9468,-13.6752,Short Covering ↑,Long Unwinding ↓,-22349,-20402,292097,364267,1.2470754578102479
09-Aug-2024,15:19:25,50466.9,50200,-23904,8513,500.0,250.1,95.05000000000001,-254.1,158505,71790,73830,118035,27079,2024-08-14,-810,-1830,3.0,-1.700000000000017,-10.692,-24.156,Short Covering ↑,Long Unwinding ↓,-22349,-20402,292097,364267,1.2470754578102479
09-Aug-2024,15:19:25,50466.9,50300,-7362,21263,437.95,289.1,80.64999999999998,-268.44999999999993,153795,76125,70065,82050,32333,2024-08-14,-1202,-3366,2.4499999999999886,-1.1999999999999886,-15.8664,-44.4312,Short Covering ↑,Long Unwinding ↓,-22349,-20402,292097,364267,1.2470754578102479
09-Aug-2024,15:19:25,50466.9,50400,13747,41915,381.6,332.55,67.90000000000003,-280.90000000000003,268920,159975,98010,127125,48684,2024-08-14,-87,-785,1.75,-1.5,-1.1484,-10.362,Short Covering ↑,Long Unwinding ↓,-22349,-20402,292097,364267,1.2470754578102479
09-Aug-2024,15:19:25,50466.9,50500,52397,72224,329.55,379.85,57.44999999999999,-294.54999999999995,907155,467970,139260,165600,147047,2024-08-14,-2828,-3106,2.25,-2.1999999999999886,-37.3296,-40.9992,Short Covering ↑,Long Unwinding ↓,-22349,-20402,292097,364267,1.2470754578102479
09-Aug-2024,15:19:25,50466.9,50600,57999,33679,283.3,432.45,46.650000000000006,-304.25000000000006,155655,349425,87780,75720,85417,2024-08-14,-4737,-3209,2.5500000000000114,-2.5500000000000114,-62.5284,-42.3588,Short Covering ↑,Long Unwinding ↓,-22349,-20402,292097,364267,1.2470754578102479
09-Aug-2024,15:19:25,50466.9,50700,37872,14451,240.3,490.95,36.80000000000001,-311.55,171225,243285,92460,49155,62642,2024-08-14,-5005,-593,1.6000000000000227,-2.650000000000034,-66.066,-7.8276,Short Covering ↑,Long Unwinding ↓,-22349,-20402,292097,364267,1.2470754578102479
09-Aug-2024,15:19:25,50466.9,50800,34693,8534,202.0,552.3,27.400000000000006,-328.95000000000005,144240,203685,58335,28020,59369,2024-08-14,-1917,-220,1.5,-2.800000000000068,-25.3044,-2.904,Short Covering ↑,Long Unwinding ↓,-22349,-20402,292097,364267,1.2470754578102479
09-Aug-2024,15:19:25,50466.9,50900,19077,4012,167.4,618.25,18.75,-340.9,151560,106830,55245,21780,39685,2024-08-14,-601,-159,0.5500000000000114,-3.6000000000000227,-7.9332,-2.0988,Short Covering ↑,Long Unwinding ↓,-22349,-20402,292097,364267,1.2470754578102479
09-Aug-2024,15:19:25,50466.9,51000,25098,4510,137.6,688.4,12.049999999999997,-341.1,209850,429000,72735,28680,134614,2024-08-14,-1727,-455,0.3499999999999943,-2.1000000000000227,-22.7964,-6.006,Short Covering ↑,Long Unwinding ↓,-22349,-20402,292097,364267,1.2470754578102479
09-Aug-2024,15:19:25,50466.9,51100,18020,3026,111.85,760.5,5.6499999999999915,-343.45000000000005,44595,88695,46005,9315,43626,2024-08-14,-1254,-57,0.09999999999999432,-9.299999999999955,-16.5528,-0.7524,Short Covering ↑,Long Unwinding ↓,-22349,-20402,292097,364267,1.2470754578102479
09-Aug-2024,15:19:25,50466.9,51200,24439,3902,90.6,839.1,1.2999999999999972,-351.35,68820,113715,44370,9690,61277,2024-08-14,194,-19,-0.3500000000000085,-4.0,2.5608,-0.2508,Short Buildup ↓,Long Unwinding ↓,-22349,-20402,292097,364267,1.2470754578102479
09-Aug-2024,15:19:25,50466.9,51300,30456,5414,73.3,925.2,-1.2999999999999972,-350.89999999999986,45195,69915,45645,23475,67971,2024-08-14,208,-9,-0.29999999999999716,-11.549999999999955,2.7456,-0.1188,Short Buildup ↓,Long Unwinding ↓,-22349,-20402,292097,364267,1.2470754578102479
09-Aug-2024,15:19:25,50466.9,51400,12205,832,59.45,1004.45,-3.6499999999999986,-364.79999999999995,36360,73410,43125,8490,31357,2024-08-14,-1019,0,-0.19999999999999574,-11.649999999999977,-13.4508,0.0,Long Unwinding ↓,,-22349,-20402,292097,364267,1.2470754578102479
09-Aug-2024,15:19:25,50466.9,51500,17388,2454,48.1,1091.6,-4.899999999999999,-369.95000000000005,91650,234825,42045,9825,100313,2024-08-14,445,-10,0.0,-6.900000000000091,5.874,-0.132,,Long Unwinding ↓,-22349,-20402,292097,364267,1.2470754578102479
09-Aug-2024,15:19:25,50466.9,51600,3776,214,38.85,1205.4,-6.149999999999999,-352.1999999999998,99615,68790,38280,5085,25943,2024-08-14,-649,0,-0.44999999999999574,0.0,-8.5668,0.0,Long Unwinding ↓,,-22349,-20402,292097,364267,1.2470754578102479
09-Aug-2024,15:19:25,50466.9,51700,-3750,31,31.5,1275.0,-6.649999999999999,-378.6500000000001,112155,70440,37635,7170,27447,2024-08-14,-537,0,-0.4499999999999993,-14.049999999999955,-7.0884,0.0,Long Unwinding ↓,,-22349,-20402,292097,364267,1.2470754578102479
09-Aug-2024,15:19:25,50466.9,51800,5271,2,25.95,1372.95,-6.449999999999999,-373.5,104145,57210,37710,7005,30941,2024-08-14,530,0,-0.3500000000000014,-7.399999999999864,6.996,0.0,Short Buildup ↓,,-22349,-20402,292097,364267,1.2470754578102479
09-Aug-2024,15:22:25,50485.05,49500,1935,48243,1022.0,84.25,184.95000000000005,-156.3,137490,19440,91590,144195,9804,2024-08-14,0,0,-9.599999999999909,0.9000000000000057,0.0,0.0,,,-43,-14,292054,364253,1.2472111321878832
09-Aug-2024,15:22:25,50485.05,49600,1344,14066,934.9,98.8,173.10000000000002,-170.55,137295,7755,33705,58605,3785,2024-08-14,0,0,-13.050000000000068,1.0,0.0,0.0,,,-43,-14,292054,364253,1.2472111321878832
09-Aug-2024,15:22:25,50485.05,49700,962,16704,855.2,115.35,154.25,-184.65,137310,10395,77730,84120,4147,2024-08-14,-43,0,-12.599999999999909,1.049999999999983,-0.5676,0.0,Long Unwinding ↓,,-43,-14,292054,364253,1.2472111321878832
09-Aug-2024,15:22:25,50485.05,49800,-20,14467,776.4,135.75,145.19999999999993,-198.5,138180,18870,99375,72975,8146,2024-08-14,0,0,-6.850000000000023,1.3499999999999943,0.0,0.0,,,-43,-14,292054,364253,1.2472111321878832
09-Aug-2024,15:22:25,50485.05,49900,-563,6209,697.75,159.15,128.20000000000005,-213.4,131565,15165,92115,86940,11958,2024-08-14,0,0,-11.25,1.200000000000017,0.0,0.0,,,-43,-14,292054,364253,1.2472111321878832
09-Aug-2024,15:22:25,50485.05,50000,-16456,27950,626.85,185.4,116.80000000000001,-228.99999999999997,179310,70005,153150,225915,64669,2024-08-14,0,0,-8.399999999999977,1.25,0.0,0.0,,,-43,-14,292054,364253,1.2472111321878832
09-Aug-2024,15:22:25,50485.05,50100,-12570,11652,558.0,216.8,102.5,-243.34999999999997,117225,33480,133920,74565,25532,2024-08-14,0,0,-6.899999999999977,1.8500000000000227,0.0,0.0,,,-43,-14,292054,364253,1.2472111321878832
09-Aug-2024,15:22:25,50485.05,50200,-23904,8513,493.0,251.4,88.05000000000001,-252.79999999999998,156030,71760,89100,113445,27079,2024-08-14,0,0,-7.0,1.3000000000000114,0.0,0.0,,,-43,-14,292054,364253,1.2472111321878832
09-Aug-2024,15:22:25,50485.05,50300,-7362,21263,431.4,290.8,74.09999999999997,-266.74999999999994,152865,75900,90360,82605,32333,2024-08-14,0,0,-6.550000000000011,1.6999999999999886,0.0,0.0,,,-43,-14,292054,364253,1.2472111321878832
09-Aug-2024,15:22:25,50485.05,50400,13747,41915,375.2,334.35,61.5,-279.1,263760,155250,113895,125310,48684,2024-08-14,0,0,-6.400000000000034,1.8000000000000114,0.0,0.0,,,-43,-14,292054,364253,1.2472111321878832
09-Aug-2024,15:22:25,50485.05,50500,52397,72224,324.8,382.3,52.69999999999999,-292.09999999999997,875595,473190,157545,161175,147047,2024-08-14,0,0,-4.75,2.4499999999999886,0.0,0.0,,,-43,-14,292054,364253,1.2472111321878832
09-Aug-2024,15:22:25,50485.05,50600,57999,33679,278.15,435.0,41.49999999999997,-301.70000000000005,149985,344775,87285,65505,85417,2024-08-14,0,0,-5.150000000000034,2.5500000000000114,0.0,0.0,,,-43,-14,292054,364253,1.2472111321878832
09-Aug-2024,15:22:25,50485.05,50700,37872,14451,235.5,493.5,32.0,-309.0,135615,248535,91950,45885,62642,2024-08-14,0,0,-4.800000000000011,2.5500000000000114,0.0,0.0,,,-43,-14,292054,364253,1.2472111321878832
09-Aug-2024,15:22:25,50485.05,50800,34693,8534,198.25,556.8,23.650000000000006,-324.45000000000005,139275,193650,57840,25935,59369,2024-08-14,0,0,-3.75,4.5,0.0,0.0,,,-43,-14,292054,364253,1.2472111321878832
09-Aug-2024,15:22:25,50485.05,50900,19077,4012,164.3,621.9,15.650000000000006,-337.25,130770,96360,56190,20970,39685,2024-08-14,0,0,-3.0999999999999943,3.6499999999999773,0.0,0.0,,,-43,-14,292054,364253,1.2472111321878832
09-Aug-2024,15:22:25,50485.05,51000,25098,4510,135.15,693.8,9.600000000000009,-335.70000000000005,222180,423390,73230,30930,134614,2024-08-14,0,0,-2.4499999999999886,5.399999999999977,0.0,0.0,,,-43,-14,292054,364253,1.2472111321878832
09-Aug-2024,15:22:25,50485.05,51100,18020,3026,110.05,770.3,3.8499999999999943,-333.6500000000001,49020,86595,45390,9105,43626,2024-08-14,0,0,-1.7999999999999972,9.799999999999955,0.0,0.0,,,-43,-14,292054,364253,1.2472111321878832
09-Aug-2024,15:22:25,50485.05,51200,24439,3902,89.55,849.1,0.25,-341.35,59235,108945,44490,10560,61277,2024-08-14,0,0,-1.0499999999999972,10.0,0.0,0.0,,,-43,-14,292054,364253,1.2472111321878832
09-Aug-2024,15:22:25,50485.05,51300,30456,5414,72.55,929.6,-2.049999999999997,-346.4999999999999,42720,74025,45060,23550,67971,2024-08-14,0,0,-0.75,4.399999999999977,0.0,0.0,,,-43,-14,292054,364253,1.2472111321878832
09-Aug-2024,15:22:25,50485.05,51400,12205,817,58.7,1013.2,-4.399999999999999,-356.04999999999995,39780,66960,43500,8715,31357,2024-08-14,0,-15,-0.75,8.75,0.0,-0.198,,Short Covering ↑,-43,-14,292054,364253,1.2472111321878832
09-Aug-2024,15:22:25,50485.05,51500,17388,2454,47.35,1104.1,-5.649999999999999,-357.45000000000005,120195,230910,42045,9555,100313,2024-08-14,0,0,-0.75,12.5,0.0,0.0,,,-43,-14,292054,364253,1.2472111321878832
09-Aug-2024,15:22:25,50485.05,51600,3776,214,38.4,1205.4,-6.600000000000001,-352.1999999999998,98940,67425,38355,5805,25943,2024-08-14,0,0,-0.45000000000000284,0.0,0.0,0.0,,,-43,-14,292054,364253,1.2472111321878832
09-Aug-2024,15:22:25,50485.05,51700,-3750,32,31.3,1290.6,-6.849999999999998,-363.0500000000002,108210,69900,37080,6930,27447,2024-08-14,0,1,-0.1999999999999993,15.599999999999909,0.0,0.0132,,Long Buildup ↑,-43,-14,292054,364253,1.2472111321878832
09-Aug-2024,15:22:25,50485.05,51800,5271,2,25.65,1372.95,-6.75,-373.5,105825,54795,36615,5325,30941,2024-08-14,0,0,-0.3000000000000007,0.0,0.0,0.0,,,-43,-14,292054,364253,1.2472111321878832
09-Aug-2024,15:23:56,50464.45,49500,2062,48531,1024.7,83.85,187.6500000000001,-156.70000000000002,137760,19275,86910,141720,9931,2024-08-14,127,288,2.7000000000000455,-0.4000000000000057,1.6764,3.8016,Long Buildup ↑,Short Buildup ↓,-25854,-17333,266200,346920,1.3032306536438767
09-Aug-2024,15:23:56,50464.45,49600,1314,14562,940.7,98.35,178.9000000000001,-171.00000000000003,137010,8040,37110,60405,3755,2024-08-14,-30,496,5.800000000000068,-0.45000000000001705,-0.396,6.5472,Short Covering ↑,Short Buildup ↓,-25854,-17333,266200,346920,1.3032306536438767
09-Aug-2024,15:23:56,50464.45,49700,983,18324,855.9,115.05,154.94999999999993,-184.95,137355,10095,74550,78975,4168,2024-08-14,21,1620,0.6999999999999318,-0.29999999999998295,0.2772,21.384,Long Buildup ↑,Short Buildup ↓,-25854,-17333,266200,346920,1.3032306536438767
09-Aug-2024,15:23:56,50464.45,49800,21,13161,777.3,134.9,146.0999999999999,-199.35,137640,19275,91425,72720,8187,2024-08-14,41,-1306,0.8999999999999773,-0.8499999999999943,0.5412,-17.2392,Long Buildup ↑,Long Unwinding ↓,-25854,-17333,266200,346920,1.3032306536438767
09-Aug-2024,15:23:56,50464.45,49900,-793,6504,700.85,158.55,131.30000000000007,-214.0,131745,15615,92205,92130,11728,2024-08-14,-230,295,3.1000000000000227,-0.5999999999999943,-3.036,3.894,Short Covering ↑,Short Buildup ↓,-25854,-17333,266200,346920,1.3032306536438767
09-Aug-2024,15:23:56,50464.45,50000,-17630,25468,626.9,185.2,116.84999999999997,-229.2,179370,68010,150330,224160,63495,2024-08-14,-1174,-2482,0.049999999999954525,-0.20000000000001705,-15.4968,-32.7624,Short Covering ↑,Long Unwinding ↓,-25854,-17333,266200,346920,1.3032306536438767
09-Aug-2024,15:23:56,50464.45,50100,-13810,9727,558.95,216.7,103.45000000000005,-243.45,115080,30720,131805,73815,24292,2024-08-14,-1240,-1925,0.9500000000000455,-0.10000000000002274,-16.368,-25.41,Short Covering ↑,Long Unwinding ↓,-25854,-17333,266200,346920,1.3032306536438767
09-Aug-2024,15:23:56,50464.45,50200,-24950,7019,494.5,251.95,89.55000000000001,-252.25,154605,63930,87840,97815,26033,2024-08-14,-1046,-1494,1.5,0.549999999999983,-13.8072,-19.7208,Short Covering ↑,Short Covering ↑,-25854,-17333,266200,346920,1.3032306536438767
09-Aug-2024,15:23:56,50464.45,50300,-9071,19953,434.4,291.15,77.09999999999997,-266.4,153705,78360,87165,80970,30624,2024-08-14,-1709,-1310,3.0,0.3499999999999659,-22.5588,-17.292,Short Covering ↑,Short Covering ↑,-25854,-17333,266200,346920,1.3032306536438767
09-Aug-2024,15:23:56,50464.45,50400,11913,39453,378.5,335.55,64.80000000000001,-277.90000000000003,263685,149505,104700,122355,46850,2024-08-14,-1834,-2462,3.3000000000000114,1.1999999999999886,-24.2088,-32.4984,Short Covering ↑,Short Covering ↑,-25854,-17333,266200,346920,1.3032306536438767
09-Aug-2024,15:23:56,50464.45,50500,47485,69965,326.5,384.05,54.39999999999998,-290.34999999999997,898155,465765,143265,150270,142135,2024-08-14,-4912,-2259,1.6999999999999886,1.75,-64.8384,-29.8188,Short Covering ↑,Short Covering ↑,-25854,-17333,266200,346920,1.3032306536438767
09-Aug-2024,15:23:56,50464.45,50600,53617,30520,281.25,436.35,44.599999999999994,-300.35,167970,335385,82860,69600,81035,2024-08-14,-4382,-3159,3.1000000000000227,1.3500000000000227,-57.8424,-41.6988,Short Covering ↑,Short Covering ↑,-25854,-17333,266200,346920,1.3032306536438767
09-Aug-2024,15:23:56,50464.45,50700,33581,13216,238.55,494.85,35.05000000000001,-307.65,153165,238530,93900,45780,58351,2024-08-14,-4291,-1235,3.0500000000000114,1.3500000000000227,-56.6412,-16.302,Short Covering ↑,Short Covering ↑,-25854,-17333,266200,346920,1.3032306536438767
09-Aug-2024,15:23:56,50464.45,50800,31311,7924,200.9,556.55,26.30000000000001,-324.70000000000005,156000,185310,57555,30240,55987,2024-08-14,-3382,-610,2.6500000000000057,-0.25,-44.6424,-8.052,Short Covering ↑,Long Unwinding ↓,-25854,-17333,266200,346920,1.3032306536438767
09-Aug-2024,15:23:56,50464.45,50900,17744,3487,166.6,622.75,17.94999999999999,-336.4,145320,94245,53745,21255,38352,2024-08-14,-1333,-525,2.299999999999983,0.8500000000000227,-17.5956,-6.93,Short Covering ↑,Short Covering ↑,-25854,-17333,266200,346920,1.3032306536438767
09-Aug-2024,15:23:56,50464.45,51000,22751,3685,137.15,694.0,11.600000000000009,-335.5,232470,411930,71595,26910,132267,2024-08-14,-2347,-825,2.0,0.20000000000004547,-30.9804,-10.89,Short Covering ↑,Short Covering ↑,-25854,-17333,266200,346920,1.3032306536438767
09-Aug-2024,15:23:56,50464.45,51100,19053,2914,111.4,769.45,5.200000000000003,-334.5,47055,82545,45855,9405,44659,2024-08-14,1033,-112,1.3500000000000085,-0.849999999999909,13.6356,-1.4784,Long Buildup ↑,Long Unwinding ↓,-25854,-17333,266200,346920,1.3032306536438767
09-Aug-2024,15:23:56,50464.45,51200,25757,3969,90.95,846.9,1.6500000000000057,-343.55000000000007,58440,107295,45105,10035,62595,2024-08-14,1318,67,1.4000000000000057,-2.2000000000000455,17.3976,0.8844,Long Buildup ↑,Short Buildup ↓,-25854,-17333,266200,346920,1.3032306536438767
09-Aug-2024,15:23:56,50464.45,51300,28908,5022,73.05,930.0,-1.5499999999999972,-346.0999999999999,47310,66660,45480,23655,66423,2024-08-14,-1548,-392,0.5,0.39999999999997726,-20.4336,-5.1744,Short Covering ↑,Short Covering ↑,-25854,-17333,266200,346920,1.3032306536438767
09-Aug-2024,15:23:56,50464.45,51400,12095,816,59.15,1014.05,-3.950000000000003,-355.20000000000005,43470,68655,43980,8175,31247,2024-08-14,-110,-1,0.44999999999999574,0.849999999999909,-1.452,-0.0132,Short Covering ↑,Short Covering ↑,-25854,-17333,266200,346920,1.3032306536438767
09-Aug-2024,15:23:56,50464.45,51500,15758,2452,47.7,1101.2,-5.299999999999997,-360.3499999999999,116400,227250,41910,9420,98683,2024-08-14,-1630,-2,0.3500000000000014,-2.8999999999998636,-21.516,-0.0264,Short Covering ↑,Long Unwinding ↓,-25854,-17333,266200,346920,1.3032306536438767
09-Aug-2024,15:23:56,50464.45,51600,5042,214,38.9,1205.4,-6.100000000000001,-352.1999999999998,96405,66630,38385,5835,27209,2024-08-14,1266,0,0.5,0.0,16.7112,0.0,Long Buildup ↑,,-25854,-17333,266200,346920,1.3032306536438767
09-Aug-2024,15:23:56,50464.45,51700,-2515,32,31.45,1285.75,-6.699999999999999,-367.9000000000001,108375,64260,37590,6360,28682,2024-08-14,1235,0,0.14999999999999858,-4.849999999999909,16.302,0.0,Long Buildup ↑,,-25854,-17333,266200,346920,1.3032306536438767
09-Aug-2024,15:23:56,50464.45,51800,5574,2,25.7,1372.95,-6.699999999999999,-373.5,105000,53625,36615,5250,31244,2024-08-14,303,0,0.05000000000000071,0.0,3.9996,0.0,Long Buildup ↑,,-25854,-17333,266200,346920,1.3032306536438767
09-Aug-2024,15:26:56,50482.75,49500,2054,46207,1021.5,82.55,184.45000000000005,-158.0,138405,18210,85440,134220,9923,2024-08-14,-8,-2324,-3.2000000000000455,-1.299999999999983,-0.1056,-30.6768,Long Unwinding ↓,Long Unwinding ↓,-33999,-35372,232201,311548,1.34171687460433
09-Aug-2024,15:26:56,50482.75,49600,1330,12964,937.6,97.0,175.80000000000007,-172.35000000000002,136740,8490,28710,58140,3771,2024-08-14,16,-1598,-3.1000000000000227,-1.3499999999999943,0.2112,-21.0936,Short Buildup ↓,Long Unwinding ↓,-33999,-35372,232201,311548,1.34171687460433
09-Aug-2024,15:26:56,50482.75,49700,1032,17008,853.95,113.25,153.0,-186.75,137475,9735,71805,77220,4217,2024-08-14,49,-1316,-1.9499999999999318,-1.8000000000000114,0.6468,-17.3712,Short Buildup ↓,Long Unwinding ↓,-33999,-35372,232201,311548,1.34171687460433
09-Aug-2024,15:26:56,50482.75,49800,38,11836,774.7,133.65,143.5,-200.6,136800,15330,89595,67665,8204,2024-08-14,17,-1325,-2.599999999999909,-1.25,0.2244,-17.49,Short Buildup ↓,Long Unwinding ↓,-33999,-35372,232201,311548,1.34171687460433
09-Aug-2024,15:26:56,50482.75,49900,-850,6143,698.75,156.6,129.20000000000005,-215.95000000000002,131355,15210,89460,81360,11671,2024-08-14,-57,-361,-2.1000000000000227,-1.950000000000017,-0.7524,-4.7652,Long Unwinding ↓,Long Unwinding ↓,-33999,-35372,232201,311548,1.34171687460433
09-Aug-2024,15:26:56,50482.75,50000,-18134,23246,622.5,183.65,112.44999999999999,-230.74999999999997,175455,62865,137175,215610,62991,2024-08-14,-504,-2222,-4.399999999999977,-1.549999999999983,-6.6528,-29.3304,Long Unwinding ↓,Long Unwinding ↓,-33999,-35372,232201,311548,1.34171687460433
09-Aug-2024,15:26:56,50482.75,50100,-14467,6693,555.5,215.15,100.0,-244.99999999999997,114705,31965,139560,69255,23635,2024-08-14,-657,-3034,-3.4500000000000455,-1.549999999999983,-8.6724,-40.0488,Long Unwinding ↓,Long Unwinding ↓,-33999,-35372,232201,311548,1.34171687460433
09-Aug-2024,15:26:56,50482.75,50200,-26238,4745,489.2,249.65,84.25,-254.54999999999998,153780,66120,85185,83145,24745,2024-08-14,-1288,-2274,-5.300000000000011,-2.299999999999983,-17.0016,-30.0168,Long Unwinding ↓,Long Unwinding ↓,-33999,-35372,232201,311548,1.34171687460433
09-Aug-2024,15:26:56,50482.75,50300,-10257,17927,429.6,289.5,72.30000000000001,-268.04999999999995,149865,73275,87780,74460,29438,2024-08-14,-1186,-2026,-4.7999999999999545,-1.6499999999999773,-15.6552,-26.7432,Long Unwinding ↓,Long Unwinding ↓,-33999,-35372,232201,311548,1.34171687460433
09-Aug-2024,15:26:56,50482.75,50400,8678,33950,373.6,333.2,59.900000000000034,-280.25000000000006,260565,140055,89640,110475,43615,2024-08-14,-3235,-5503,-4.899999999999977,-2.3500000000000227,-42.702,-72.6396,Long Unwinding ↓,Long Unwinding ↓,-33999,-35372,232201,311548,1.34171687460433
09-Aug-2024,15:26:56,50482.75,50500,42764,63517,321.45,381.15,49.349999999999966,-293.25,864390,429915,130185,138990,137414,2024-08-14,-4721,-6448,-5.050000000000011,-2.900000000000034,-62.3172,-85.1136,Long Unwinding ↓,Long Unwinding ↓,-33999,-35372,232201,311548,1.34171687460433
09-Aug-2024,15:26:56,50482.75,50600,49317,26012,275.95,434.4,39.29999999999998,-302.30000000000007,159780,317115,81450,59070,76735,2024-08-14,-4300,-4508,-5.300000000000011,-1.9500000000000455,-56.76,-59.5056,Long Unwinding ↓,Long Unwinding ↓,-33999,-35372,232201,311548,1.34171687460433
09-Aug-2024,15:26:56,50482.75,50700,29251,12831,234.95,492.15,31.44999999999999,-310.35,145725,220965,94485,40920,54021,2024-08-14,-4330,-385,-3.6000000000000227,-2.7000000000000455,-57.156,-5.082,Long Unwinding ↓,Long Unwinding ↓,-33999,-35372,232201,311548,1.34171687460433
09-Aug-2024,15:26:56,50482.75,50800,28297,7366,197.2,554.4,22.599999999999994,-326.85,144270,174510,57690,25125,52973,2024-08-14,-3014,-558,-3.700000000000017,-2.1499999999999773,-39.7848,-7.3656,Long Unwinding ↓,Long Unwinding ↓,-33999,-35372,232201,311548,1.34171687460433
09-Aug-2024,15:26:56,50482.75,50900,15915,3026,164.05,623.0,15.400000000000006,-336.15,141285,91185,54720,19125,36523,2024-08-14,-1829,-461,-2.549999999999983,0.25,-24.1428,-6.0852,Long Unwinding ↓,Short Covering ↑,-33999,-35372,232201,311548,1.34171687460433
09-Aug-2024,15:26:56,50482.75,51000,19738,2919,135.15,693.45,9.600000000000009,-336.04999999999995,222660,397590,66840,23670,129254,2024-08-14,-3013,-766,-2.0,-0.5499999999999545,-39.7716,-10.1112,Long Unwinding ↓,Long Unwinding ↓,-33999,-35372,232201,311548,1.34171687460433
09-Aug-2024,15:26:56,50482.75,51100,17564,2842,110.0,768.15,3.799999999999997,-335.80000000000007,43320,82230,46335,9480,43170,2024-08-14,-1489,-72,-1.4000000000000057,-1.3000000000000682,-19.6548,-0.9504,Long Unwinding ↓,Long Unwinding ↓,-33999,-35372,232201,311548,1.34171687460433
09-Aug-2024,15:26:56,50482.75,51200,25121,3997,89.55,846.6,0.25,-343.85,52635,96315,45390,8835,61959,2024-08-14,-636,28,-1.4000000000000057,-0.2999999999999545,-8.3952,0.3696,Long Unwinding ↓,Short Buildup ↓,-33999,-35372,232201,311548,1.34171687460433
09-Aug-2024,15:26:56,50482.75,51300,28198,4801,72.6,931.5,-2.0,-344.5999999999999,33210,63195,46215,23400,65713,2024-08-14,-710,-221,-0.45000000000000284,1.5,-9.372,-2.9172,Long Unwinding ↓,Short Covering ↑,-33999,-35372,232201,311548,1.34171687460433
09-Aug-2024,15:26:56,50482.75,51400,9909,816,58.7,1016.1,-4.399999999999999,-353.15,36585,56895,43770,8745,29061,2024-08-14,-2186,0,-0.44999999999999574,2.050000000000068,-28.8552,0.0,Long Unwinding ↓,,-33999,-35372,232201,311548,1.34171687460433
09-Aug-2024,15:26:56,50482.75,51500,15083,2452,47.65,1102.4,-5.350000000000001,-359.14999999999986,79065,221580,41880,9495,98008,2024-08-14,-675,0,-0.05000000000000426,1.2000000000000455,-8.91,0.0,Long Unwinding ↓,,-33999,-35372,232201,311548,1.34171687460433
09-Aug-2024,15:26:56,50482.75,51600,5147,219,38.8,1179.15,-6.200000000000003,-378.4499999999998,97290,65625,38370,6195,27314,2024-08-14,105,5,-0.10000000000000142,-26.25,1.386,0.066,Short Buildup ↓,Short Buildup ↓,-33999,-35372,232201,311548,1.34171687460433
09-Aug-2024,15:26:56,50482.75,51700,-2751,30,31.7,1275.2,-6.449999999999999,-378.45000000000005,91215,59400,36555,5190,28446,2024-08-14,-236,-2,0.25,-10.549999999999955,-3.1152,-0.0264,Short Covering ↑,Long Unwinding ↓,-33999,-35372,232201,311548,1.34171687460433
09-Aug-2024,15:26:56,50482.75,51800,5462,1,25.95,1384.75,-6.449999999999999,-361.70000000000005,86565,49125,38745,6555,31132,2024-08-14,-112,-1,0.25,11.799999999999955,-1.4784,-0.0132,Short Covering ↑,Short Covering ↑,-33999,-35372,232201,311548,1.34171687460433
09-Aug-2024,15:28:26,50478.0,49500,2054,46207,1019.35,81.7,182.30000000000007,-158.85000000000002,136980,19335,79170,126585,9923,2024-08-14,0,0,-2.1499999999999773,-0.8500000000000227,0.0,0.0,,,0,0,232201,311548,1.34171687460433
09-Aug-2024,15:28:26,50478.0,49600,1330,12964,936.9,95.75,175.10000000000002,-173.60000000000002,136515,7815,23745,56070,3771,2024-08-14,0,0,-0.7000000000000455,-1.25,0.0,0.0,,,0,0,232201,311548,1.34171687460433
09-Aug-2024,15:28:26,50478.0,49700,1032,17008,852.05,112.8,151.0999999999999,-187.2,136395,10140,64290,74520,4217,2024-08-14,0,0,-1.900000000000091,-0.44999999999998863,0.0,0.0,,,0,0,232201,311548,1.34171687460433
09-Aug-2024,15:28:26,50478.0,49800,38,11836,771.45,132.8,140.25,-201.45,136275,12660,83340,69300,8204,2024-08-14,0,0,-3.25,-0.8499999999999943,0.0,0.0,,,0,0,232201,311548,1.34171687460433
09-Aug-2024,15:28:26,50478.0,49900,-850,6143,695.95,155.4,126.40000000000009,-217.15,130185,14220,82650,66990,11671,2024-08-14,0,0,-2.7999999999999545,-1.1999999999999886,0.0,0.0,,,0,0,232201,311548,1.34171687460433
09-Aug-2024,15:28:26,50478.0,50000,-18134,23246,621.85,182.5,111.80000000000001,-231.89999999999998,172410,58230,125730,207555,62991,2024-08-14,0,0,-0.6499999999999773,-1.1500000000000057,0.0,0.0,,,0,0,232201,311548,1.34171687460433
09-Aug-2024,15:28:26,50478.0,50100,-14467,6693,554.95,214.25,99.45000000000005,-245.89999999999998,111405,26715,129030,60495,23635,2024-08-14,0,0,-0.5499999999999545,-0.9000000000000057,0.0,0.0,,,0,0,232201,311548,1.34171687460433
09-Aug-2024,15:28:26,50478.0,50200,-26238,4745,489.85,249.15,84.90000000000003,-255.04999999999998,148410,59715,75435,68550,24745,2024-08-14,0,0,0.6500000000000341,-0.5,0.0,0.0,,,0,0,232201,311548,1.34171687460433
09-Aug-2024,15:28:26,50478.0,50300,-10257,17927,429.2,288.4,71.89999999999998,-269.15,143580,67830,82155,63855,29438,2024-08-14,0,0,-0.4000000000000341,-1.1000000000000227,0.0,0.0,,,0,0,232201,311548,1.34171687460433
09-Aug-2024,15:28:26,50478.0,50400,8678,33950,373.0,332.1,59.30000000000001,-281.35,252000,127020,78060,97350,43615,2024-08-14,0,0,-0.6000000000000227,-1.099999999999966,0.0,0.0,,,0,0,232201,311548,1.34171687460433
09-Aug-2024,15:28:26,50478.0,50500,42764,63517,322.25,380.2,50.14999999999998,-294.2,859755,389520,118740,126060,137414,2024-08-14,0,0,0.8000000000000114,-0.9499999999999886,0.0,0.0,,,0,0,232201,311548,1.34171687460433
09-Aug-2024,15:28:26,50478.0,50600,49317,26012,275.7,434.0,39.04999999999998,-302.70000000000005,145905,300390,71010,48585,76735,2024-08-14,0,0,-0.25,-0.39999999999997726,0.0,0.0,,,0,0,232201,311548,1.34171687460433
09-Aug-2024,15:28:26,50478.0,50700,29251,12831,234.7,492.2,31.19999999999999,-310.3,125640,210645,90060,35520,54021,2024-08-14,0,0,-0.25,0.05000000000001137,0.0,0.0,,,0,0,232201,311548,1.34171687460433
09-Aug-2024,15:28:26,50478.0,50800,28297,7366,196.8,555.85,22.200000000000017,-325.4,128370,169200,54030,22590,52973,2024-08-14,0,0,-0.39999999999997726,1.4500000000000455,0.0,0.0,,,0,0,232201,311548,1.34171687460433
09-Aug-2024,15:28:26,50478.0,50900,15915,3026,163.5,621.65,14.849999999999994,-337.5,118260,83415,69345,13950,36523,2024-08-14,0,0,-0.5500000000000114,-1.3500000000000227,0.0,0.0,,,0,0,232201,311548,1.34171687460433
09-Aug-2024,15:28:26,50478.0,51000,19738,2919,134.35,691.15,8.799999999999997,-338.35,196815,377595,63795,20280,129254,2024-08-14,0,0,-0.8000000000000114,-2.300000000000068,0.0,0.0,,,0,0,232201,311548,1.34171687460433
09-Aug-2024,15:28:26,50478.0,51100,17564,2842,109.35,765.6,3.1499999999999915,-338.35,37830,75345,44460,8835,43170,2024-08-14,0,0,-0.6500000000000057,-2.5499999999999545,0.0,0.0,,,0,0,232201,311548,1.34171687460433
09-Aug-2024,15:28:26,50478.0,51200,25121,3997,88.55,844.55,-0.75,-345.9000000000001,41160,77520,43695,8775,61959,2024-08-14,0,0,-1.0,-2.050000000000068,0.0,0.0,,,0,0,232201,311548,1.34171687460433
09-Aug-2024,15:28:26,50478.0,51300,28198,4801,71.4,928.55,-3.1999999999999886,-347.54999999999995,27000,59475,44895,23100,65713,2024-08-14,0,0,-1.1999999999999886,-2.9500000000000455,0.0,0.0,,,0,0,232201,311548,1.34171687460433
09-Aug-2024,15:28:26,50478.0,51400,9909,816,57.6,1016.95,-5.5,-352.29999999999995,36030,59025,43140,9060,29061,2024-08-14,0,0,-1.1000000000000014,0.8500000000000227,0.0,0.0,,,0,0,232201,311548,1.34171687460433
09-Aug-2024,15:28:26,50478.0,51500,15083,2452,46.75,1100.05,-6.25,-361.5,64350,209910,40650,8490,98008,2024-08-14,0,0,-0.8999999999999986,-2.3500000000001364,0.0,0.0,,,0,0,232201,311548,1.34171687460433
09-Aug-2024,15:28:26,50478.0,51600,5147,219,37.6,1194.55,-7.399999999999999,-363.04999999999995,88995,60120,39585,6180,27314,2024-08-14,0,0,-1.1999999999999957,15.399999999999864,0.0,0.0,,,0,0,232201,311548,1.34171687460433
09-Aug-2024,15:28:26,50478.0,51700,-2751,30,30.7,1289.3,-7.449999999999999,-364.35000000000014,90825,44175,36735,6315,28446,2024-08-14,0,0,-1.0,14.099999999999909,0.0,0.0,,,0,0,232201,311548,1.34171687460433
09-Aug-2024,15:28:26,50478.0,51800,5462,1,24.95,1384.75,-7.449999999999999,-361.70000000000005,79380,46515,36555,6210,31132,2024-08-14,0,0,-1.0,0.0,0.0,0.0,,,0,0,232201,311548,1.34171687460433
09-Aug-2024,15:30:00,50468.3,49500,2077,45255,1009.55,77.0,172.5,-163.55,128730,9810,60900,112575,9946,2024-08-14,23,-952,-9.800000000000068,-4.699999999999989,0.3036,-12.5664,Short Buildup ↓,Long Unwinding ↓,-35234,-39078,196967,272470,1.3833281717241974
09-Aug-2024,15:30:00,50468.3,49600,1236,12178,939.95,92.0,178.1500000000001,-177.35000000000002,128640,3540,11850,47835,3677,2024-08-14,-94,-786,3.050000000000068,-3.75,-1.2408,-10.3752,Short Covering ↑,Long Unwinding ↓,-35234,-39078,196967,272470,1.3833281717241974
09-Aug-2024,15:30:00,50468.3,49700,912,14088,849.5,105.0,148.54999999999995,-195.0,129690,4635,51750,58335,4097,2024-08-14,-120,-2920,-2.5499999999999545,-7.800000000000011,-1.584,-38.544,Long Unwinding ↓,Long Unwinding ↓,-35234,-39078,196967,272470,1.3833281717241974
09-Aug-2024,15:30:00,50468.3,49800,2,10585,764.65,127.4,133.44999999999993,-206.85,129270,5580,49170,44310,8168,2024-08-14,-36,-1251,-6.800000000000068,-5.400000000000006,-0.4752,-16.5132,Long Unwinding ↓,Long Unwinding ↓,-35234,-39078,196967,272470,1.3833281717241974
09-Aug-2024,15:30:00,50468.3,49900,-961,5460,692.75,145.85,123.20000000000005,-226.70000000000002,122910,9135,47610,51090,11560,2024-08-14,-111,-683,-3.2000000000000455,-9.550000000000011,-1.4652,-9.0156,Long Unwinding ↓,Long Unwinding ↓,-35234,-39078,196967,272470,1.3833281717241974
09-Aug-2024,15:30:00,50468.3,50000,-18787,18694,610.1,174.2,100.05000000000001,-240.2,160920,42150,85305,131865,62338,2024-08-14,-653,-4552,-11.75,-8.300000000000011,-8.6196,-60.0864,Long Unwinding ↓,Long Unwinding ↓,-35234,-39078,196967,272470,1.3833281717241974
09-Aug-2024,15:30:00,50468.3,50100,-15013,3154,549.55,205.4,94.04999999999995,-254.74999999999997,102900,19770,94950,44430,23089,2024-08-14,-546,-3539,-5.400000000000091,-8.849999999999994,-7.2072,-46.7148,Long Unwinding ↓,Long Unwinding ↓,-35234,-39078,196967,272470,1.3833281717241974
09-Aug-2024,15:30:00,50468.3,50200,-27471,1577,484.5,244.75,79.55000000000001,-259.45,138540,47490,46410,53100,23512,2024-08-14,-1233,-3168,-5.350000000000023,-4.400000000000006,-16.2756,-41.8176,Long Unwinding ↓,Long Unwinding ↓,-35234,-39078,196967,272470,1.3833281717241974
09-Aug-2024,15:30:00,50468.3,50300,-11785,15085,416.95,280.0,59.64999999999998,-277.54999999999995,131040,49590,48045,46485,27910,2024-08-14,-1528,-2842,-12.25,-8.399999999999977,-20.1696,-37.5144,Long Unwinding ↓,Long Unwinding ↓,-35234,-39078,196967,272470,1.3833281717241974
09-Aug-2024,15:30:00,50468.3,50400,5467,28806,367.0,326.4,53.30000000000001,-287.05000000000007,233580,102210,50610,73095,40404,2024-08-14,-3211,-5144,-6.0,-5.7000000000000455,-42.3852,-67.9008,Long Unwinding ↓,Long Unwinding ↓,-35234,-39078,196967,272470,1.3833281717241974
09-Aug-2024,15:30:00,50468.3,50500,35537,58220,310.0,369.1,37.89999999999998,-305.29999999999995,803280,338610,83760,95040,130187,2024-08-14,-7227,-5297,-12.25,-11.099999999999966,-95.3964,-69.9204,Long Unwinding ↓,Long Unwinding ↓,-35234,-39078,196967,272470,1.3833281717241974
09-Aug-2024,15:30:00,50468.3,50600,43228,22076,265.0,421.05,28.349999999999994,-315.65000000000003,115665,259350,57480,30615,70646,2024-08-14,-6089,-3936,-10.699999999999989,-12.949999999999989,-80.3748,-51.9552,Long Unwinding ↓,Long Unwinding ↓,-35234,-39078,196967,272470,1.3833281717241974
09-Aug-2024,15:30:00,50468.3,50700,26132,12004,228.8,487.6,25.30000000000001,-314.9,107535,177060,71040,23835,50902,2024-08-14,-3119,-827,-5.899999999999977,-4.599999999999966,-41.1708,-10.9164,Long Unwinding ↓,Long Unwinding ↓,-35234,-39078,196967,272470,1.3833281717241974
09-Aug-2024,15:30:00,50468.3,50800,26139,6692,192.0,545.2,17.400000000000006,-336.04999999999995,108180,148155,43650,10755,50815,2024-08-14,-2158,-674,-4.800000000000011,-10.649999999999977,-28.4856,-8.8968,Long Unwinding ↓,Long Unwinding ↓,-35234,-39078,196967,272470,1.3833281717241974
09-Aug-2024,15:30:00,50468.3,50900,14156,2628,159.75,615.05,11.099999999999994,-344.1,104730,68610,61230,5355,34764,2024-08-14,-1759,-398,-3.75,-6.600000000000023,-23.2188,-5.2536,Long Unwinding ↓,Long Unwinding ↓,-35234,-39078,196967,272470,1.3833281717241974
09-Aug-2024,15:30:00,50468.3,51000,16843,1723,131.55,680.4,6.000000000000014,-349.1,161835,337095,55545,10980,126359,2024-08-14,-2895,-1196,-2.799999999999983,-10.75,-38.214,-15.7872,Long Unwinding ↓,Long Unwinding ↓,-35234,-39078,196967,272470,1.3833281717241974
09-Aug-2024,15:30:00,50468.3,51100,16274,2757,105.9,766.8,-0.29999999999999716,-337.1500000000001,19170,57675,39075,3615,41880,2024-08-14,-1290,-85,-3.4499999999999886,1.1999999999999318,-17.028,-1.122,Long Unwinding ↓,Short Covering ↑,-35234,-39078,196967,272470,1.3833281717241974
09-Aug-2024,15:30:00,50468.3,51200,23487,3908,85.6,846.25,-3.700000000000003,-344.20000000000005,27915,66390,37680,3600,60325,2024-08-14,-1634,-89,-2.950000000000003,1.7000000000000455,-21.5688,-1.1748,Long Unwinding ↓,Short Covering ↑,-35234,-39078,196967,272470,1.3833281717241974
09-Aug-2024,15:30:00,50468.3,51300,28128,4125,69.8,930.0,-4.799999999999997,-346.0999999999999,18195,47715,39555,17445,65643,2024-08-14,-70,-676,-1.6000000000000085,1.4500000000000455,-0.924,-8.9232,Long Unwinding ↓,Short Covering ↑,-35234,-39078,196967,272470,1.3833281717241974
09-Aug-2024,15:30:00,50468.3,51400,9227,772,56.05,1011.0,-7.050000000000004,-358.25,19920,48165,35865,2460,28379,2024-08-14,-682,-44,-1.5500000000000043,-5.9500000000000455,-9.0024,-0.5808,Long Unwinding ↓,Long Unwinding ↓,-35234,-39078,196967,272470,1.3833281717241974
09-Aug-2024,15:30:00,50468.3,51500,14998,2445,46.1,1107.5,-6.899999999999999,-354.04999999999995,42315,187050,34890,5820,97923,2024-08-14,-85,-7,-0.6499999999999986,7.4500000000000455,-1.122,-0.0924,Long Unwinding ↓,Short Covering ↑,-35234,-39078,196967,272470,1.3833281717241974
09-Aug-2024,15:30:00,50468.3,51600,4574,212,36.1,1193.45,-8.899999999999999,-364.14999999999986,78600,52815,32865,2370,26741,2024-08-14,-573,-7,-1.5,-1.099999999999909,-7.5636,-0.0924,Long Unwinding ↓,Long Unwinding ↓,-35234,-39078,196967,272470,1.3833281717241974
09-Aug-2024,15:30:00,50468.3,51700,-2964,25,29.25,1286.55,-8.899999999999999,-367.10000000000014,75825,37485,31080,2355,28233,2024-08-14,-213,-5,-1.4499999999999993,-2.75,-2.8116,-0.066,Long Unwinding ↓,Long Unwinding ↓,-35234,-39078,196967,272470,1.3833281717241974
09-Aug-2024,15:30:00,50468.3,51800,5531,1,24.05,1384.75,-8.349999999999998,-361.70000000000005,72585,38700,31890,2505,31201,2024-08-14,69,0,-0.8999999999999986,0.0,0.9108,0.0,Short Buildup ↓,,-35234,-39078,196967,272470,1.3833281717241974
